metric,value
accuracy,0.9166666666666666
f1_macro,0.9027817722813408
f1_weighted,0.9027817722813408
precision_cold,0.8888888888888888
recall_cold,0.8888888888888888
f1_cold,0.8888888888888888
precision_warm,0.922077922077922
recall_warm,0.9466666666666667
f1_warm,0.9342105263157895
precision_hot,0.9152542372881356
recall_hot,0.8571428571428571
f1_hot,0.8852459016393444
latency_ms,45.2
coverage_pct,100.0
error_rate,0.02
diversity_score,0.88
