{
  "accuracy": 0.8083333333333333,
  "precision": {
    "cold": 0.9302325581395349,
    "warm": 0.6428571428571429,
    "hot": 0.7959183673469388
  },
  "recall": {
    "cold": 0.898876404494382,
    "warm": 0.5806451612903226,
    "hot": 0.8764044943820225
  },
  "f1_score": {
    "cold": 0.9142857142857143,
    "warm": 0.6101694915254238,
    "hot": 0.8342245989304812
  },
  "confusion_matrix": [
    [
      80,
      9,
      0
    ],
    [
      6,
      36,
      20
    ],
    [
      0,
      11,
      78
    ]
  ],
  "calibration_score": 0.8993615576821448,
  "model_type": "LogisticRegression"
}