{
  "accuracy": 0.9166666666666666,
  "precision": {
    "cold": 0.8888888888888888,
    "warm": 0.922077922077922,
    "hot": 0.9152542372881356
  },
  "recall": {
    "cold": 0.8888888888888888,
    "warm": 0.9466666666666667,
    "hot": 0.8571428571428571
  },
  "f1_score": {
    "cold": 0.8888888888888888,
    "warm": 0.9342105263157895,
    "hot": 0.8852459016393444
  },
  "confusion_matrix": [
    [
      24,
      3,
      0
    ],
    [
      3,
      142,
      5
    ],
    [
      0,
      9,
      54
    ]
  ],
  "calibration_score": 0.9619518390074105
}